<?xml version='1.0' encoding='utf-8' standalone='yes' ?>
<map>
    <int name="AF_CACHE_VERSION" value="1" />
    <string name="prev_event_name">google_number_popup_seen</string>
    <boolean name="didSendRevenueTriggerOnLastBackground" value="false" />
    <long name="prev_event_timestamp" value="1763950865292" />
    <int name="appsFlyerInAppEventCount" value="2" />
    <long name="prev_session_dur" value="5" />
    <boolean name="ddl_sent" value="true" />
    <long name="af_rc_max_age" value="86400" />
    <string name="ddl">{&quot;from_fg&quot;:4370}</string>
    <int name="versionCode" value="14" />
    <string name="af_remote_config">eyJmZWF0dXJlcyI6e30sInZlciI6ImRlZmF1bHQudjEuMTYzNzE0OTUyOSJ9</string>
    <string name="savedProperties">{&quot;logLevel&quot;:&quot;0&quot;}</string>
    <string name="AF_INSTALLATION">1763950862143-6253195913194129413</string>
    <int name="appsFlyerCount" value="2" />
    <long name="af_rc_timestamp" value="1763950862492" />
    <long name="AppsFlyerTimePassedSincePrevLaunch" value="1763950868569" />
    <string name="appsFlyerFirstInstall">2025-11-24_075102+0530</string>
</map>
