{"Fid":"fucdc-wuSJiMSGJ_2FELwz","Status":3,"AuthToken":"eyJhbGciOiJFUzI1NiIsInR5cCI6IkpXVCJ9.eyJhcHBJZCI6IjE6NjM2ODEzODMyNjYyOmFuZHJvaWQ6NmVlMWZhZWNlZGIzYjFkYmZjNzQ3NyIsImV4cCI6MTc2MjQxNzc2MywiZmlkIjoiZnVjZGMtd3VTSmlNU0dKXzJGRUx3eiIsInByb2plY3ROdW1iZXIiOjYzNjgxMzgzMjY2Mn0.AB2LPV8wRQIgHp2_g8F7Q4yrv2KwtwoT7_y3HUSFgDsMxi_wpZSQs0wCIQDlM9w92q8boRj58m23ItE3C3_yOuSj2AZNwT0kr-khJg","RefreshToken":"3_AS3qfwJajRNgBciJ6gHVeQDFd99Ugj7FT9AswY8MoMHZXSHPHO-9d_nRgvW5Q6BtPq0872C7vACRvTHePbySikPHNLBxecmyFkWGkfpPGU8ZKEQ","TokenCreationEpochInSecs":1761812962,"ExpiresInSecs":604800}