{"configs_key":{"fpr_disabled_android_versions":"","fpr_disabled_ios_versions":"","fpr_disabled_web_versions":"","fpr_enabled":"true","fpr_experiment_app_start_ttid":"true","fpr_log_endpoint_url":"https:\/\/firebaselogging.googleapis.com\/v0cc\/log?format=json_proto","fpr_log_source":"462","fpr_log_transport_android_percent":"100.0","fpr_log_transport_ios_percent":"100.0","fpr_log_transport_key":"AIzaSyCx80ru6-RXeTi3GvqkFsMVyMf-vpgIoVw","fpr_rl_network_request_event_count_bg":"70","fpr_rl_network_request_event_count_fg":"700","fpr_rl_time_limit_sec":"600","fpr_rl_trace_event_count_bg":"30","fpr_rl_trace_event_count_fg":"300","fpr_session_gauge_cpu_capture_frequency_bg_ms":"0","fpr_session_gauge_cpu_capture_frequency_fg_ms":"100","fpr_session_gauge_memory_capture_frequency_bg_ms":"0","fpr_session_gauge_memory_capture_frequency_fg_ms":"100","fpr_session_max_length_min":"240","fpr_vc_fragment_sampling_rate":"0.1","fpr_vc_network_request_sampling_rate":"0.4229935624390673","fpr_vc_session_sampling_rate":"0.0014718615644082895","fpr_vc_trace_sampling_rate":"0.36505807467639806"},"fetch_time_key":1761806336476,"abt_experiments_key":[],"personalization_metadata_key":{},"template_version_number_key":2152}