<?xml version='1.0' encoding='utf-8' standalone='yes' ?>
<map>
    <string name="com.applovin.sdk.9xd4.sc">FAAWnvaCHBb%2B%2FoIcGwBEog0VIBaQieTYz2YA</string>
    <string name="com.applovin.sdk.9xd4.device_id">10336306a100bafc00</string>
    <string name="com.applovin.sdk.9xd4.device_token">MaznYs97JTiqaqEwnZGZ5u17S_tZOrhy7QNzDw875XFJqlkWbM-prFsJ6hPDK0Jk9ydiNSWIyALnO_DKnis0B_VBvNn9NwGHlvnGpGQklvs88LfmeRrl4QJ-yNBqm4VfgeKfjkCfnIg_8ofDASiK3mGYswPt_XxduBcyyUGatxI=</string>
    <string name="com.applovin.sdk.9xd4.plugin_version">13.0.1.0</string>
    <boolean name="com.applovin.sdk.9xd4.is_verbose_logging" value="false" />
</map>
