<?xml version='1.0' encoding='utf-8' standalone='yes' ?>
<map>
    <long name="com.facebook.appevents.SessionInfo.sessionStartTime" value="1746465080502" />
    <long name="com.facebook.appevents.SessionInfo.sessionEndTime" value="1746465164748" />
    <boolean name="bg_startup_tracing" value="false" />
    <int name="com.encdata.Teamxpros.classes.originalInstallVersionCode" value="240011260" />
    <string name="com.facebook.appevents.UserDataStore.internalUserData">{&quot;r2&quot;:&quot;11c19c32211f539a3dd6bf3abdaa1803ff569b1f915e2337ad27960ea9765b24&quot;}</string>
    <int name="com.facebook.appevents.SessionInfo.interruptionCount" value="5" />
    <long name="com.encdata.Teamxpros.classes.cloneTimestamp" value="1746463994797" />
    <string name="com.facebook.appevents.SessionInfo.sessionId">14992bd8-121c-4f3f-bb11-4b740b676083</string>
</map>
