<?xml version='1.0' encoding='utf-8' standalone='yes' ?>
<map>
    <boolean name="measurement_enabled_from_api" value="true" />
    <long name="last_upload" value="1761812975699" />
    <long name="first_open_time" value="1761812961869" />
    <string name="gmp_app_id">1:636813832662:android:6ee1faecedb3b1dbfc7477</string>
    <string name="app_instance_id">410e3976438c950e9a6e50047a2dedb4</string>
    <long name="session_id" value="1761812962" />
    <boolean name="app_backgrounded" value="true" />
    <long name="health_monitor:start" value="1761812961993" />
    <boolean name="deferred_analytics_collection" value="false" />
    <string name="previous_os_version">11</string>
    <boolean name="measurement_enabled" value="true" />
    <string name="health_monitor:value">2WC102001:Service invalid</string>
    <boolean name="allow_remote_dynamite" value="true" />
    <long name="last_pause_time" value="1761812973821" />
    <long name="midnight_offset" value="10344792" />
    <boolean name="start_new_session" value="false" />
    <long name="health_monitor:count" value="1" />
    <long name="last_upload_attempt" value="0" />
</map>
