{"buildVersion":{"synced":true,"value":"13042","valueType":"LONG"},"appVersion":{"synced":true,"value":"1.108.9","valueType":"STRING"},"osVersion":{"synced":true,"value":"30","valueType":"LONG"},"libraryVersion":{"synced":true,"value":"1.1.5","valueType":"STRING"},"token":{"synced":true,"value":"fn0D2bGORW2GHdjTSBUfxr:APA91bGCS_721GlrppsMjbwxzba0k_jg5tRKGiXFdfTjbJNQWXyBCpMoyCXVKfaCQ8VAaN5Y5cqs8V9k4eFAMVOBer4TW95H0CwqYWxu0yR8_HjIudh3JHw","valueType":"STRING"},"uid":{"synced":true,"value":"p3gdRTde2foFLUmkU0","valueType":"STRING"}}