{"Fid":"fn0D2bGORW2GHdjTSBUfxr","Status":3,"AuthToken":"eyJhbGciOiJFUzI1NiIsInR5cCI6IkpXVCJ9.eyJhcHBJZCI6IjE6OTE2Mjc3MTU2NDgyOmFuZHJvaWQ6MmExODk2NGQ4MzllZTE3YSIsImV4cCI6MTc2MjkyNTEzNSwiZmlkIjoiZm4wRDJiR09SVzJHSGRqVFNCVWZ4ciIsInByb2plY3ROdW1iZXIiOjkxNjI3NzE1NjQ4Mn0.AB2LPV8wRAIgUE4nnQXoqCwm1ORNS3ACLfU-gLeJak5mdK3FXj4iKSYCIEip2yUVJrD3zmgxV0sfGOKT6g3BbOCOCD96Zy3drzCO","RefreshToken":"3_AS3qfwKUlR2c3fxbpWHU5RgWfoEZmvJp_vQMaawu_Oe7dpmMAkdKD72Cjz-WP6wcWNkl7KjKKUPgs45tSvtKh6LfdbnU2xlqlvOpGv9f-_CRf3Y","TokenCreationEpochInSecs":1762320334,"ExpiresInSecs":604800}