<?xml version='1.0' encoding='utf-8' standalone='yes' ?>
<map>
    <string name="savedProperties">{&quot;uid&quot;:&quot;1762320351379-5177396930252830706&quot;,&quot;oneLinkSlug&quot;:&quot;jAYEUW7RoJbmHUzXQN4W6G&quot;,&quot;KSAppsFlyerRICounter&quot;:&quot;0&quot;,&quot;afUninstallToken&quot;:&quot;fn0D2bGORW2GHdjTSBUfxr:APA91bGCS_721GlrppsMjbwxzba0k_jg5tRKGiXFdfTjbJNQWXyBCpMoyCXVKfaCQ8VAaN5Y5cqs8V9k4eFAMVOBer4TW95H0CwqYWxu0yR8_HjIudh3JHw&quot;,&quot;AppUserId&quot;:&quot;bIA1opZLxW14-HwTbOnSAl8sb6o2&quot;,&quot;AppsFlyerKey&quot;:&quot;jAYEUW7RoJbmHUzXQN4W6G&quot;,&quot;KSAppsFlyerId&quot;:&quot;1762320351379-5177396930252830706&quot;}</string>
    <string name="AF_INSTALLATION">1762320351379-5177396930252830706</string>
    <string name="appsFlyerFirstInstall">2025-11-05_052554+0000</string>
    <int name="appsFlyerCount" value="1" />
    <long name="AppsFlyerTimePassedSincePrevLaunch" value="1762320354090" />
    <int name="versionCode" value="13042" />
</map>
