<?xml version='1.0' encoding='utf-8' standalone='yes' ?>
<map>
    <string name="amzn-dtb-pj-template">{&quot;att&quot;:&quot;att&quot;,&quot;autoRefresh&quot;:&quot;autoRefresh&quot;,&quot;mediationName&quot;:&quot;mediationName&quot;,&quot;cstm&quot;:{&quot;cturl&quot;:&quot;contentURL&quot;,&quot;contentLen&quot;:&quot;contentLen&quot;,&quot;impd&quot;:&quot;impDepth&quot;,&quot;sdur&quot;:&quot;sessDuration&quot;,&quot;ianb&quot;:&quot;inAppNativeBrowser&quot;},&quot;fwk&quot;:&quot;framework&quot;,&quot;omid&quot;:{&quot;omidpv&quot;:&quot;omidPartnerVersion&quot;,&quot;omidpn&quot;:&quot;omidPartnerName&quot;}}</string>
    <string name="amzn-dtb-ad-aax-hostname">aax.amazon-adsystem.com</string>
    <string name="amzn-dtb-ad-sis-endpoint">aax-eu.amazon-adsystem.com/s/api3</string>
    <long name="amzn-dtb-ad-config-ttl" value="86400000" />
    <long name="amzn-dtb-ad-sis-last-checkin" value="1762320375844" />
    <string name="amzn-dtb-version_in_use">9.10.0</string>
    <string name="amzn-dtb-ad-aax-video-hostname">aax.amazon-adsystem.com</string>
    <long name="amzn-dtb-ad-config-last-checkin" value="1762320373095" />
    <string name="amzn-dtb-privacy-location-mode">Compute</string>
    <float name="amzn-dtb-privacy-location-accuracy-in-meters" value="564.0" />
</map>
