<?xml version='1.0' encoding='utf-8' standalone='yes' ?>
<map>
    <long name="first_open_time" value="1762320333283" />
    <string name="gmp_app_id">1:916277156482:android:2a18964d839ee17a</string>
    <string name="app_instance_id">27a421460e6f86d1cce7e2a47cbf8598</string>
    <long name="session_id" value="1762320339" />
    <boolean name="app_backgrounded" value="true" />
    <long name="health_monitor:start" value="1762320338983" />
    <boolean name="use_service" value="true" />
    <boolean name="deferred_analytics_collection" value="false" />
    <string name="previous_os_version">11</string>
    <boolean name="has_been_opened" value="true" />
    <boolean name="allow_remote_dynamite" value="true" />
    <long name="last_pause_time" value="1762320405591" />
    <boolean name="start_new_session" value="false" />
</map>
