<?xml version='1.0' encoding='utf-8' standalone='yes' ?>
<map>
    <string name="key_device_id">7fffefd4c47a4d3e</string>
    <int name="RETRY_TAP_COUNT" value="0" />
    <long name="isClick" value="0" />
    <boolean name="is_branch_init_triggered" value="true" />
    <string name="search_session_id_v2">3b2e7726-46c8-49e7-b17c-9492246f4399-1762320395927</string>
    <int name="key_app_version" value="13042" />
    <boolean name="SHOW_LANG_CAROUSEL" value="false" />
    <boolean name="APP_ICON_UPGRADE" value="false" />
    <string name="freshchat_user_attribute">{&quot;appKey&quot;:&quot;MOBILITY&quot;,&quot;appVersion&quot;:&quot;1.108.9&quot;,&quot;autoRenewal&quot;:&quot;false&quot;,&quot;circle&quot;:&quot;BIHAR&quot;,&quot;deviceType&quot;:&quot;PHONE&quot;,&quot;email&quot;:&quot;NA&quot;,&quot;fmfsi&quot;:&quot;false&quot;,&quot;gender&quot;:&quot;NA&quot;,&quot;ip&quot;:&quot;27.61.68.41&quot;,&quot;location&quot;:&quot;NA&quot;,&quot;name&quot;:&quot;  &quot;,&quot;os&quot;:&quot;ANDROID&quot;,&quot;planExpiry&quot;:&quot;Tue Nov 11 17:53:52 IST 2025&quot;,&quot;planIds&quot;:&quot;6088,5799,1307&quot;,&quot;uid&quot;:&quot;p3gdRTde2foFLUmkU0&quot;}</string>
    <string name="key_app_session_id">null-1762320334759-433303386</string>
    <long name="isShow" value="0" />
</map>
