<?xml version='1.0' encoding='utf-8' standalone='yes' ?>
<map>
    <set name="fire-installations/18.0.0 android-min-sdk/24 fire-rc/22.1.2 device-brand/Infinix kotlin/2.0.0 device-name/X675-GL fire-abt/21.1.1 android-installer/com.android.vending fire-core/21.0.0 fire-android/30 fire-core-ktx/21.0.0 fire-fcm/24.1.1 fire-perf/21.0.5 fire-analytics/22.4.0 device-model/Infinix-X675 android-platform/ fire-cls/19.4.4 fire-sessions/2.1.2 android-target-sdk/35 fire-transport/19.0.0">
        <string>2025-11-05</string>
    </set>
    <long name="fire-count" value="1" />
    <string name="last-used-date">2025-11-05</string>
    <long name="fire-global" value="1762320333464" />
</map>
