<?xml version='1.0' encoding='utf-8' standalone='yes' ?>
<map>
    <long name="first_open_time" value="1757050285658" />
    <string name="gmp_app_id">1:412826138735:android:8a32f791e415634f2ff59a</string>
    <string name="app_instance_id">13161b0304d170036d5ad693c36602ac</string>
    <long name="session_id" value="0" />
    <boolean name="app_backgrounded" value="true" />
    <long name="health_monitor:start" value="1761806328005" />
    <boolean name="use_service" value="true" />
    <boolean name="deferred_analytics_collection" value="false" />
    <string name="default_event_parameters">[{&quot;n&quot;:&quot;sc_session_id&quot;,&quot;v&quot;:&quot;3356132988_93fbfab0-345b-439d-9b81-3e19a830a0c6&quot;,&quot;t&quot;:&quot;s&quot;}]</string>
    <string name="previous_os_version">11</string>
    <boolean name="has_been_opened" value="true" />
    <boolean name="allow_remote_dynamite" value="true" />
    <long name="last_pause_time" value="1761277466929" />
    <boolean name="start_new_session" value="true" />
</map>
